{
  "data": [
    {
      "id": "826774",
      "name": "Miles Kane",
      "link": "http://www.deezer.com/artist/826774",
      "picture": "https://api.deezer.com/artist/826774/image",
      "nb_album": 16,
      "nb_fan": 30532,
      "radio": true,
      "type": "artist"
    },
    {
      "id": "372635",
      "name": "Hurts",
      "link": "http://www.deezer.com/artist/372635",
      "picture": "https://api.deezer.com/artist/372635/image",
      "nb_album": 37,
      "nb_fan": 86904,
      "radio": true,
      "type": "artist"
    },
    {
      "id": "5912",
      "name": "Klaxons",
      "link": "http://www.deezer.com/artist/5912",
      "picture": "https://api.deezer.com/artist/5912/image",
      "nb_album": 37,
      "nb_fan": 50127,
      "radio": true,
      "type": "artist"
    },
    {
      "id": "636",
      "name": "The White Stripes",
      "link": "http://www.deezer.com/artist/636",
      "picture": "https://api.deezer.com/artist/636/image",
      "nb_album": 57,
      "nb_fan": 170189,
      "radio": true,
      "type": "artist"
    },
    {
      "id": "352",
      "name": "30 Seconds to Mars",
      "link": "http://www.deezer.com/artist/352",
      "picture": "https://api.deezer.com/artist/352/image",
      "nb_album": 28,
      "nb_fan": 425647,
      "radio": true,
      "type": "artist"
    },
    {
      "id": "1295",
      "name": "Travis",
      "link": "http://www.deezer.com/artist/1295",
      "picture": "https://api.deezer.com/artist/1295/image",
      "nb_album": 65,
      "nb_fan": 50483,
      "radio": true,
      "type": "artist"
    },
    {
      "id": "1247",
      "name": "Kasabian",
      "link": "http://www.deezer.com/artist/1247",
      "picture": "https://api.deezer.com/artist/1247/image",
      "nb_album": 72,
      "nb_fan": 134825,
      "radio": true,
      "type": "artist"
    },
    {
      "id": "892",
      "name": "Coldplay",
      "link": "http://www.deezer.com/artist/892",
      "picture": "https://api.deezer.com/artist/892/image",
      "nb_album": 61,
      "nb_fan": 2050045,
      "radio": true,
      "type": "artist"
    },
    {
      "id": "743",
      "name": "Blur",
      "link": "http://www.deezer.com/artist/743",
      "picture": "https://api.deezer.com/artist/743/image",
      "nb_album": 41,
      "nb_fan": 179504,
      "radio": true,
      "type": "artist"
    },
    {
      "id": "599",
      "name": "My Chemical Romance",
      "link": "http://www.deezer.com/artist/599",
      "picture": "https://api.deezer.com/artist/599/image",
      "nb_album": 46,
      "nb_fan": 447175,
      "radio": true,
      "type": "artist"
    },
    {
      "id": "399",
      "name": "Radiohead",
      "link": "http://www.deezer.com/artist/399",
      "picture": "https://api.deezer.com/artist/399/image",
      "nb_album": 74,
      "nb_fan": 900492,
      "radio": true,
      "type": "artist"
    },
    {
      "id": "106",
      "name": "Keane",
      "link": "http://www.deezer.com/artist/106",
      "picture": "https://api.deezer.com/artist/106/image",
      "nb_album": 129,
      "nb_fan": 221779,
      "radio": true,
      "type": "artist"
    },
    {
      "id": "159452",
      "name": "The Last Shadow Puppets",
      "link": "http://www.deezer.com/artist/159452",
      "picture": "https://api.deezer.com/artist/159452/image",
      "nb_album": 11,
      "nb_fan": 37770,
      "radio": true,
      "type": "artist"
    },
    {
      "id": "5806",
      "name": "Thom Yorke",
      "link": "http://www.deezer.com/artist/5806",
      "picture": "https://api.deezer.com/artist/5806/image",
      "nb_album": 13,
      "nb_fan": 36304,
      "radio": true,
      "type": "artist"
    },
    {
      "id": "566",
      "name": "Foo Fighters",
      "link": "http://www.deezer.com/artist/566",
      "picture": "https://api.deezer.com/artist/566/image",
      "nb_album": 71,
      "nb_fan": 511824,
      "radio": true,
      "type": "artist"
    },
    {
      "id": "412",
      "name": "Queen",
      "link": "http://www.deezer.com/artist/412",
      "picture": "https://api.deezer.com/artist/412/image",
      "nb_album": 204,
      "nb_fan": 1494796,
      "radio": true,
      "type": "artist"
    },
    {
      "id": "84",
      "name": "The Rasmus",
      "link": "http://www.deezer.com/artist/84",
      "picture": "https://api.deezer.com/artist/84/image",
      "nb_album": 106,
      "nb_fan": 88667,
      "radio": true,
      "type": "artist"
    }
  ],
  "total": 17
}