{
  "data": [
    {
      "id": "7139528",
      "title": "Live At Rome Olympic Stadium (2013)",
      "cover": "https://api.deezer.com/album/7139528/image",
      "genre_id": 3,
      "type": "album"
    },
    {
      "id": "6313143",
      "title": "Innocent Voices (First Album) (2012)",
      "cover": "https://api.deezer.com/album/6313143/image",
      "genre_id": 6,
      "type": "album"
    },
    {
      "id": "5965734",
      "title": "The 2nd Law (2012)",
      "cover": "https://api.deezer.com/album/5965734/image",
      "genre_id": 3,
      "type": "album"
    },
    {
      "id": "390984",
      "title": "The Resistance (2009)",
      "cover": "https://api.deezer.com/album/390984/image",
      "genre_id": 3,
      "type": "album"
    },
    {
      "id": "428316",
      "title": "HAARP (Live From Wembley Stadium) (2008)",
      "cover": "https://api.deezer.com/album/428316/image",
      "genre_id": 3,
      "type": "album"
    },
    {
      "id": "817490",
      "title": "Flute Music by Christopher Caliendo (2006)",
      "cover": "https://api.deezer.com/album/817490/image",
      "genre_id": 10,
      "type": "album"
    },
    {
      "id": "339063",
      "title": "Black Holes And Revelations (Updated 09 version) (2006)",
      "cover": "https://api.deezer.com/album/339063/image",
      "genre_id": 3,
      "type": "album"
    },
    {
      "id": "339679",
      "title": "Showbiz (download) (2003)",
      "cover": "https://api.deezer.com/album/339679/image",
      "genre_id": 3,
      "type": "album"
    },
    {
      "id": "339677",
      "title": "Absolution (2003)",
      "cover": "https://api.deezer.com/album/339677/image",
      "genre_id": 3,
      "type": "album"
    },
    {
      "id": "339681",
      "title": "Hullabaloo (Eastwest Release) (2002)",
      "cover": "https://api.deezer.com/album/339681/image",
      "genre_id": 3,
      "type": "album"
    },
    {
      "id": "1248725",
      "title": "Origin Of Symmetry (2001)",
      "cover": "https://api.deezer.com/album/1248725/image",
      "genre_id": 3,
      "type": "album"
    },
    {
      "id": "7038402",
      "title": "Leilinko (Mixes) (2013)",
      "cover": "https://api.deezer.com/album/7038402/image",
      "genre_id": 7,
      "type": "album"
    },
    {
      "id": "339066",
      "title": "Invincible (2006)",
      "cover": "https://api.deezer.com/album/339066/image",
      "genre_id": 3,
      "type": "album"
    },
    {
      "id": "339065",
      "title": "Knights Of Cydonia (2006)",
      "cover": "https://api.deezer.com/album/339065/image",
      "genre_id": 3,
      "type": "album"
    },
    {
      "id": "339064",
      "title": "Starlight (2006)",
      "cover": "https://api.deezer.com/album/339064/image",
      "genre_id": 3,
      "type": "album"
    },
    {
      "id": "339073",
      "title": "Butterflies and Hurricanes (2004)",
      "cover": "https://api.deezer.com/album/339073/image",
      "genre_id": 3,
      "type": "album"
    },
    {
      "id": "356510",
      "title": "Muscle Museum (2003)",
      "cover": "https://api.deezer.com/album/356510/image",
      "genre_id": 3,
      "type": "album"
    },
    {
      "id": "356525",
      "title": "Dead Star / In Your World (2002)",
      "cover": "https://api.deezer.com/album/356525/image",
      "genre_id": 3,
      "type": "album"
    },
    {
      "id": "356527",
      "title": "Plug In Baby (2001)",
      "cover": "https://api.deezer.com/album/356527/image",
      "genre_id": 3,
      "type": "album"
    },
    {
      "id": "356526",
      "title": "Bliss (2001)",
      "cover": "https://api.deezer.com/album/356526/image",
      "genre_id": 3,
      "type": "album"
    },
    {
      "id": "356509",
      "title": "New Born (2001)",
      "cover": "https://api.deezer.com/album/356509/image",
      "genre_id": 3,
      "type": "album"
    },
    {
      "id": "356508",
      "title": "Feeling Good / Hyper Music (2001)",
      "cover": "https://api.deezer.com/album/356508/image",
      "genre_id": 3,
      "type": "album"
    },
    {
      "id": "356511",
      "title": "Unintended (2000)",
      "cover": "https://api.deezer.com/album/356511/image",
      "genre_id": 3,
      "type": "album"
    },
    {
      "id": "356513",
      "title": "Cave (1999)",
      "cover": "https://api.deezer.com/album/356513/image",
      "genre_id": 3,
      "type": "album"
    },
    {
      "id": "356512",
      "title": "Muscle Museum (1999)",
      "cover": "https://api.deezer.com/album/356512/image",
      "genre_id": 3,
      "type": "album"
    },
    {
      "id": "356024",
      "title": "Sunburn (1999)",
      "cover": "https://api.deezer.com/album/356024/image",
      "genre_id": 3,
      "type": "album"
    },
    {
      "id": "6611101",
      "title": "Panic Station (2013)",
      "cover": "https://api.deezer.com/album/6611101/image",
      "genre_id": 3,
      "type": "album"
    },
    {
      "id": "6416402",
      "title": "Under EP (2013)",
      "cover": "https://api.deezer.com/album/6416402/image",
      "genre_id": 6,
      "type": "album"
    },
    {
      "id": "5984136",
      "title": "Innocent Voices Two Remix (2012)",
      "cover": "https://api.deezer.com/album/5984136/image",
      "genre_id": 6,
      "type": "album"
    },
    {
      "id": "5867991",
      "title": "Innocent Voices Two (2012)",
      "cover": "https://api.deezer.com/album/5867991/image",
      "genre_id": 6,
      "type": "album"
    },
    {
      "id": "1133544",
      "title": "Resistance (2010)",
      "cover": "https://api.deezer.com/album/1133544/image",
      "genre_id": 3,
      "type": "album"
    },
    {
      "id": "561681",
      "title": "Neutron Star Collision (Love Is Forever) (2010)",
      "cover": "https://api.deezer.com/album/561681/image",
      "genre_id": 3,
      "type": "album"
    },
    {
      "id": "497935",
      "title": "Resistance [Tiesto Remix] (2010)",
      "cover": "https://api.deezer.com/album/497935/image",
      "genre_id": 3,
      "type": "album"
    },
    {
      "id": "1352113",
      "title": "Uprising (2009)",
      "cover": "https://api.deezer.com/album/1352113/image",
      "genre_id": 3,
      "type": "album"
    },
    {
      "id": "425459",
      "title": "Undisclosed Desires (2009)",
      "cover": "https://api.deezer.com/album/425459/image",
      "genre_id": 3,
      "type": "album"
    },
    {
      "id": "339069",
      "title": "Supermassive Black Hole (2008)",
      "cover": "https://api.deezer.com/album/339069/image",
      "genre_id": 3,
      "type": "album"
    },
    {
      "id": "339071",
      "title": "Map Of The Problematique (2007)",
      "cover": "https://api.deezer.com/album/339071/image",
      "genre_id": 3,
      "type": "album"
    },
    {
      "id": "613270",
      "title": "Butterflies & Hurricanes (2004)",
      "cover": "https://api.deezer.com/album/613270/image",
      "genre_id": 2,
      "type": "album"
    },
    {
      "id": "339070",
      "title": "Time Is Running Out (2003)",
      "cover": "https://api.deezer.com/album/339070/image",
      "genre_id": 3,
      "type": "album"
    },
    {
      "id": "339067",
      "title": "Hysteria (2003)",
      "cover": "https://api.deezer.com/album/339067/image",
      "genre_id": 3,
      "type": "album"
    },
    {
      "id": "7158140",
      "title": "Shades of Jazz, Vol. 2 (2013)",
      "cover": "https://api.deezer.com/album/7158140/image",
      "genre_id": 11,
      "type": "album"
    },
    {
      "id": "7158944",
      "title": "Shades of Jazz (2013)",
      "cover": "https://api.deezer.com/album/7158944/image",
      "genre_id": 11,
      "type": "album"
    }
  ],
  "total": 42
}